<?xml version="1.0" encoding="UTF-8"?>
<!DOCTYPE hibernate-mapping PUBLIC
        "-//Hibernate/Hibernate Mapping DTD 3.0//EN"
        "http://hibernate.sourceforge.net/hibernate-mapping-3.0.dtd">

<hibernate-mapping package="com.onlinemail.bean">
	<class name="Admin">
		<id name="adminId" column="id" >
			<generator class="identity"></generator>
		</id>
		<property name="adminName" column="name" />
		<property name="adminPassword" column="password" />
	</class>
</hibernate-mapping>