<?xml version="1.0" encoding="UTF-8"?>
<!DOCTYPE hibernate-mapping PUBLIC
        "-//Hibernate/Hibernate Mapping DTD 3.0//EN"
        "http://hibernate.sourceforge.net/hibernate-mapping-3.0.dtd">

<hibernate-mapping package="com.onlinemail.bean">
	<class name="BookType">
		<id name="typeId" column="ID">
			<generator class="identity"></generator>
		</id>
		<property name="typeName"/>

        <set name="book" cascade="all">
        	<key column="BOOKTYPEID"/>
        	<one-to-many class="Book"/>
        </set>
	</class>
</hibernate-mapping>