<?xml version="1.0" encoding="UTF-8"?>
<!DOCTYPE hibernate-mapping PUBLIC
        "-//Hibernate/Hibernate Mapping DTD 3.0//EN"
        "http://hibernate.sourceforge.net/hibernate-mapping-3.0.dtd">

<hibernate-mapping package="com.onlinemail.bean">
	<class name="Book">
		<id name="id" >
			<generator class="identity"></generator>
		</id>
		<property name="name"/>
		<property name="author"/>
		<property name="price"/>
		<property name="images"/>
		<property name="publisher"/>
		<property name="data"/>
		
		<set name="orderDetail" cascade="all">
		    <key column="BOOKID"/>
		    <one-to-many class="OrderDetail"/>
		</set>

        <!-- 映射多对一关联关系 -->
        <many-to-one name="bookType" column="BOOKTYPEID" class="BookType"/>
	</class>
</hibernate-mapping>