<?xml version="1.0" encoding="UTF-8"?>
<!DOCTYPE hibernate-mapping PUBLIC
        "-//Hibernate/Hibernate Mapping DTD 3.0//EN"
        "http://hibernate.sourceforge.net/hibernate-mapping-3.0.dtd">

<hibernate-mapping package="com.onlinemail.bean">
	<class name="Order" table="ORDERS">
		<id name="orderId" column="id" >
			<generator class="identity"></generator>
		</id>
		<property name="orderTime" />
		<property name="state" />
		
		<set name="orderDetail" cascade="all">
		    <key column="ORDERID"/>
		    <one-to-many class="OrderDetail"/>
		</set>
	
        <many-to-one name="user" class="User" column="USERID"/>
	</class>
</hibernate-mapping>