
<!DOCTYPE hibernate-mapping PUBLIC
        "-//Hibernate/Hibernate Mapping DTD 3.0//EN"
        "http://hibernate.sourceforge.net/hibernate-mapping-3.0.dtd">

<hibernate-mapping package="com.onlinemail.bean">
	<class name="User">
		<id name="userId" column="id">
			<generator class="identity"></generator>
		</id>
		<property name="username" />
		<property name="userPassword" column="PASSWORD"/>
		<property name="userAddress" column="ADDRESS"/>
		<property name="userTelephone" column="TELEPHONE"/>
		<property name="userEmail" column="EMAIL"/>
		<property name="post" column="POST"/>
		<property name="userimg" />
		
		<set name="orders" cascade="all">
		    <key column="USERID"/>
		    <one-to-many class="Order" />
		</set>
		
	</class>
</hibernate-mapping>